id,name,branch,status,conclusion,created_at,updated_at,url
25937829877,DevSecOps Pipeline,main,completed,success,2026-05-15T19:42:35Z,2026-05-15T19:43:16Z,https://github.com/Veda46890/devsecops-test-repo/actions/runs/25937829877
25937829868,DevSecOps Pipeline,main,completed,success,2026-05-15T19:42:35Z,2026-05-15T19:42:43Z,https://github.com/Veda46890/devsecops-test-repo/actions/runs/25937829868
25935820933,DevSecOps Pipeline,main,completed,failure,2026-05-15T18:56:53Z,2026-05-15T18:57:24Z,https://github.com/Veda46890/devsecops-test-repo/actions/runs/25935820933
25935820895,DevSecOps Pipeline,main,completed,success,2026-05-15T18:56:52Z,2026-05-15T18:57:00Z,https://github.com/Veda46890/devsecops-test-repo/actions/runs/25935820895
25935762388,DevSecOps Pipeline,main,completed,failure,2026-05-15T18:55:34Z,2026-05-15T18:55:59Z,https://github.com/Veda46890/devsecops-test-repo/actions/runs/25935762388
25935762170,DevSecOps Pipeline,main,completed,success,2026-05-15T18:55:33Z,2026-05-15T18:55:41Z,https://github.com/Veda46890/devsecops-test-repo/actions/runs/25935762170
25935528940,DevSecOps Pipeline,main,completed,failure,2026-05-15T18:50:19Z,2026-05-15T18:50:53Z,https://github.com/Veda46890/devsecops-test-repo/actions/runs/25935528940
25935528923,DevSecOps Pipeline,main,completed,success,2026-05-15T18:50:19Z,2026-05-15T18:50:27Z,https://github.com/Veda46890/devsecops-test-repo/actions/runs/25935528923
25935258038,DevSecOps Pipeline,main,completed,success,2026-05-15T18:44:17Z,2026-05-15T18:51:18Z,https://github.com/Veda46890/devsecops-test-repo/actions/runs/25935258038
25935258005,DevSecOps Pipeline,main,completed,success,2026-05-15T18:44:17Z,2026-05-15T18:44:27Z,https://github.com/Veda46890/devsecops-test-repo/actions/runs/25935258005
25934610706,DevSecOps Pipeline,main,completed,success,2026-05-15T18:30:10Z,2026-05-15T18:30:20Z,https://github.com/Veda46890/devsecops-test-repo/actions/runs/25934610706
25934610695,DevSecOps Pipeline,main,completed,success,2026-05-15T18:30:10Z,2026-05-15T18:30:57Z,https://github.com/Veda46890/devsecops-test-repo/actions/runs/25934610695
25932898166,DevSecOps Pipeline,main,completed,success,2026-05-15T17:52:07Z,2026-05-15T17:52:16Z,https://github.com/Veda46890/devsecops-test-repo/actions/runs/25932898166
25882853405,CI,Veda46890-patch-1,completed,success,2026-05-14T20:08:21Z,2026-05-14T20:09:30Z,https://github.com/Veda46890/devsecops-test-repo/actions/runs/25882853405
25876960504,DevSecOps Pipeline,main,completed,success,2026-05-14T18:09:28Z,2026-05-14T18:09:38Z,https://github.com/Veda46890/devsecops-test-repo/actions/runs/25876960504
25876671782,DevSecOps Pipeline,main,completed,failure,2026-05-14T18:03:33Z,2026-05-14T18:03:41Z,https://github.com/Veda46890/devsecops-test-repo/actions/runs/25876671782
25875557671,DevSecOps Pipeline,main,completed,failure,2026-05-14T17:40:55Z,2026-05-14T17:41:05Z,https://github.com/Veda46890/devsecops-test-repo/actions/runs/25875557671
